agent_type,model_name,degree,r_squared,coeff_3,coeff_2,coeff_1,coeff_0,tokens_per_step_at_50,total_tokens_at_50,tokens_per_step_at_100,total_tokens_at_100,tokens_per_step_at_200,total_tokens_at_200,tokens_per_step_at_500,total_tokens_at_500,efficiency_change_50_to_100_pct,efficiency_change_100_to_200_pct,efficiency_rating
intent,anthropic-claude-sonnet-4.5,3,0.9505470999749873,-111.76351160028084,6136.304561715351,-110305.60163270636,661485.2830889223,0,0,0,0,0,0,0,0,,,
intent,openai-gpt-4.1-mini,3,1.0,1.8897869674185062,49.42368421052822,-2865.777005012561,29080.974812030214,245574,12278735,2126527,212652708,16551168,3310233736,247175484,123587742226,765.9389716237143,678.3192044624027,-765.9389716237143
simple-raw,anthropic-claude-sonnet-4.5,3,0.8527138315383447,-23.271339135385073,3308.703633054443,-155408.97720648267,2417500.380036841,9893,494660,0,0,0,0,0,0,-33534.04216760343,,33534.04216760343
simple-raw,openai-gpt-4.1-mini,2,0.5146739092648622,,4.504284924453423,-813.7301242200155,38675.49737840677,9249,462485,2345,234533,56100,11220173,757881,378940833,-74.64422285124148,2292.020271143817,74.64422285124148
simple-summarization,anthropic-claude-sonnet-4.5,2,0.9981542363168763,,0.929836760461758,-5.502786796536604,1751.7541053391008,3801,190060,10499,1049984,37844,7568933,231459,115729775,176.22394547441138,260.43078982495916,-176.22394547441138
simple-summarization,openai-gpt-4.1-mini,3,1.0,-33.269409128861874,6201.598094630596,-383819.443426322,7888650.623277273,42997,2149877,0,0,0,0,0,0,-4162.3756616757,,4162.3756616757
