agent_type,model_name,degree,r_squared,coeff_2,coeff_1,coeff_0,tokens_per_step_at_50,total_tokens_at_50,tokens_per_step_at_100,total_tokens_at_100,tokens_per_step_at_200,total_tokens_at_200,tokens_per_step_at_500,total_tokens_at_500,efficiency_change_50_to_100_pct,efficiency_change_100_to_200_pct,efficiency_rating
intent,anthropic-claude-sonnet-4.5,2,0.9491686730704024,-122.45208790037566,4922.578827182975,-37707.24548243144,0,0,0,0,0,0,0,0,,,
intent,openai-gpt-4.1-mini,2,1.0,140.1334586466161,-4281.22744360901,36190.35338345857,172462,8623131,1009402,100940219,4785283,957056642,32928941,16464470646,485.2874957610409,374.0710127155437,-485.2874957610409
simple-raw,anthropic-claude-sonnet-4.5,2,0.5386983246367654,283.4295454545037,-24530.965909087372,533452.7636362887,15478,773916,914651,91465162,6964441,1392888279,59125356,29562678086,5809.239044729166,661.4310402274493,-5809.239044729166
simple-raw,openai-gpt-4.1-mini,2,1.0,3.6023008663985356,-673.0206111634457,33202.25811412904,8556,427848,1923,192320,42690,8538034,597267,298633584,-77.52471404325281,2119.7402693841755,77.52471404325281
simple-summarization,anthropic-claude-sonnet-4.5,2,0.9913189624119143,0.6007273984723737,25.433493230465604,1027.7135089624526,3801,190060,9578,957833,30143,6028701,163926,81963154,151.98148000545658,214.70503356377816,-151.98148000545658
simple-summarization,openai-gpt-4.1-mini,2,1.0,13.48799666239013,-1786.8183996127846,60691.34934770052,5070,253521,16889,1688947,242847,48569507,2539281,1269640657,233.09809843381527,1337.8630560966676,-233.09809843381527
