agent_type,model_name,slope,intercept,r_squared,std_error,tokens_per_step_at_50,total_tokens_at_50,tokens_per_step_at_100,total_tokens_at_100,tokens_per_step_at_200,total_tokens_at_200,tokens_per_step_at_500,total_tokens_at_500
intent,anthropic-claude-sonnet-4.5,125.33820708590332,7927.766452440951,0.5492102655891321,80.29456798783137,14194,709733,20461,2046158,32995,6599081,70596,35298434
intent,openai-gpt-4.1-mini,-128.85180055401665,7401.532317636196,0.5387264207657652,119.23002747466973,958,47947,-5483,-548364,-18368,-3673765,-57024,-28512183
simple-raw,anthropic-claude-sonnet-4.5,-156.02499999999998,11375.540909090907,0.07088307094043501,399.4322417187674,3574,178714,-4226,-422695,-19829,-3965891,-66636,-33318479
simple-raw,openai-gpt-4.1-mini,-37.398681338660275,5649.0266952036145,0.7396320829435098,22.189225982652083,3779,188954,1909,190915,-1830,-366141,-13050,-6525156
simple-summarization,anthropic-claude-sonnet-4.5,81.90186868686867,-293.88676767676725,0.9913189624119145,5.419483825815064,3801,190060,7896,789630,16086,3217297,40657,20328523
simple-summarization,openai-gpt-4.1-mini,-114.30681347637871,9284.098068442388,0.8147181493865705,54.51108952701973,3568,178437,-2146,-214658,-13577,-2715452,-47869,-23934654
